tanggal,curah_hujan,lokasi
2019-01-01,23.94,Bima Barat
2019-01-02,14.94,Bima Tengah
2019-01-03,13.82,Bima Barat
2019-01-04,13.82,Bima Tengah
2019-01-05,46.5,Bima Tengah
2019-01-06,28.67,Bima Barat
2019-01-07,11.31,Bima Tengah
2019-01-08,24.7,Bima Barat
2019-01-09,19.99,Bima Barat
2019-01-10,2.16,Bima Tengah
2019-01-11,6.71,Bima Tengah
2019-01-12,21.06,Bima Timur
2019-01-13,43.65,Bima Tengah
2019-01-14,13.92,Bima Timur
2019-01-15,10.58,Bima Tengah
2019-01-16,18.14,Bima Barat
2019-01-17,10.05,Bima Tengah
2019-01-18,13.18,Bima Barat
2019-01-19,16.49,Bima Barat
2019-01-20,6.4,Bima Barat
2019-01-21,29.7,Bima Timur
2019-01-22,5.35,Bima Tengah
2019-01-23,4.73,Bima Barat
2019-01-24,19.34,Bima Barat
2019-01-25,28.13,Bima Timur
2019-01-26,18.98,Bima Tengah
2019-01-27,15.22,Bima Tengah
2019-01-28,13.07,Bima Timur
2019-01-29,11.4,Bima Timur
2019-01-30,34.38,Bima Tengah
2019-01-31,21.21,Bima Timur
2019-02-01,12.17,Bima Tengah
2019-02-02,9.37,Bima Tengah
2019-02-03,25.88,Bima Barat
2019-02-04,33.83,Bima Barat
2019-02-05,31.81,Bima Tengah
2019-02-06,8.01,Bima Tengah
2019-02-07,12.98,Bima Tengah
2019-02-08,11.21,Bima Tengah
2019-02-09,14.38,Bima Tengah
2019-02-10,29.51,Bima Tengah
2019-02-11,41.02,Bima Timur
2019-02-12,21.78,Bima Tengah
2019-02-13,9.65,Bima Timur
2019-02-14,16.21,Bima Timur
2019-02-15,46.13,Bima Tengah
2019-02-16,17.82,Bima Tengah
2019-02-17,13.1,Bima Timur
2019-02-18,13.99,Bima Timur
2019-02-19,21.72,Bima Tengah
2019-02-20,8.26,Bima Tengah
2019-02-21,10.99,Bima Timur
2019-02-22,31.5,Bima Timur
2019-02-23,21.28,Bima Timur
2019-02-24,17.95,Bima Barat
2019-02-25,32.56,Bima Timur
2019-02-26,9.15,Bima Barat
2019-02-27,12.78,Bima Tengah
2019-02-28,20.79,Bima Tengah
2019-03-01,20.27,Bima Timur
2019-03-02,4.26,Bima Tengah
2019-03-03,11.8,Bima Tengah
2019-03-04,14.67,Bima Tengah
2019-03-05,22.45,Bima Tengah
2019-03-06,20.22,Bima Barat
2019-03-07,15.72,Bima Barat
2019-03-08,2.14,Bima Timur
2019-03-09,16.33,Bima Timur
2019-03-10,17.46,Bima Timur
2019-03-11,72.98,Bima Tengah
2019-03-12,14.3,Bima Tengah
2019-03-13,20.87,Bima Barat
2019-03-14,36.2,Bima Barat
2019-03-15,28.38,Bima Timur
2019-03-16,42.13,Bima Barat
2019-03-17,4.33,Bima Barat
2019-03-18,6.87,Bima Barat
2019-03-19,10.37,Bima Barat
2019-03-20,3.59,Bima Barat
2019-03-21,17.57,Bima Timur
2019-03-22,7.39,Bima Timur
2019-03-23,45.75,Bima Barat
2019-03-24,8.46,Bima Timur
2019-03-25,12.85,Bima Tengah
2019-03-26,29.53,Bima Barat
2019-03-27,5.29,Bima Tengah
2019-03-28,3.34,Bima Timur
2019-03-29,19.17,Bima Timur
2019-03-30,20.25,Bima Tengah
2019-03-31,28.93,Bima Timur
2019-04-01,24.35,Bima Barat
2019-04-02,20.8,Bima Tengah
2019-04-03,9.34,Bima Barat
2019-04-04,19.85,Bima Tengah
2019-04-05,20.74,Bima Timur
2019-04-06,9.04,Bima Tengah
2019-04-07,54.22,Bima Tengah
2019-04-08,23.56,Bima Barat
2019-04-09,6.98,Bima Timur
2019-04-10,29.03,Bima Barat
2019-04-11,32.45,Bima Timur
2019-04-12,22.58,Bima Barat
2019-04-13,13.7,Bima Tengah
2019-04-14,8.71,Bima Barat
2019-04-15,15.69,Bima Timur
2019-04-16,21.47,Bima Timur
2019-04-17,16.84,Bima Tengah
2019-04-18,43.36,Bima Timur
2019-04-19,26.12,Bima Barat
2019-04-20,7.87,Bima Tengah
2019-04-21,6.31,Bima Timur
2019-04-22,23.7,Bima Timur
2019-04-23,13.95,Bima Barat
2019-04-24,27.69,Bima Barat
2019-04-25,23.55,Bima Tengah
2019-04-26,15.74,Bima Timur
2019-04-27,7.95,Bima Barat
2019-04-28,3.76,Bima Tengah
2019-04-29,19.59,Bima Timur
2019-04-30,5.2,Bima Timur
2019-05-01,7.66,Bima Tengah
2019-05-02,18.73,Bima Tengah
2019-05-03,17.43,Bima Barat
2019-05-04,5.84,Bima Timur
2019-05-05,34.92,Bima Timur
2019-05-06,34.31,Bima Timur
2019-05-07,24.24,Bima Tengah
2019-05-08,24.22,Bima Barat
2019-05-09,24.24,Bima Timur
2019-05-10,32.27,Bima Tengah
2019-05-11,26.57,Bima Timur
2019-05-12,8.55,Bima Barat
2019-05-13,13.79,Bima Timur
2019-05-14,67.97,Bima Barat
2019-05-15,2.31,Bima Barat
2019-05-16,11.29,Bima Timur
2019-05-17,35.05,Bima Timur
2019-05-18,9.03,Bima Barat
2019-05-19,27.07,Bima Tengah
2019-05-20,17.26,Bima Barat
2019-05-21,9.59,Bima Timur
2019-05-22,1.81,Bima Timur
2019-05-23,19.19,Bima Tengah
2019-05-24,8.39,Bima Barat
2019-05-25,15.23,Bima Barat
2019-05-26,24.07,Bima Barat
2019-05-27,30.53,Bima Timur
2019-05-28,11.26,Bima Barat
2019-05-29,9.58,Bima Tengah
2019-05-30,5.11,Bima Timur
2019-05-31,31.55,Bima Timur
2019-06-01,61.82,Bima Barat
2019-06-02,33.86,Bima Tengah
2019-06-03,38.96,Bima Timur
2019-06-04,9.1,Bima Timur
2019-06-05,23.08,Bima Barat
2019-06-06,28.8,Bima Barat
2019-06-07,6.63,Bima Tengah
2019-06-08,47.87,Bima Barat
2019-06-09,4.18,Bima Tengah
2019-06-10,43.06,Bima Timur
2019-06-11,4.15,Bima Tengah
2019-06-12,6.94,Bima Tengah
2019-06-13,23.37,Bima Tengah
2019-06-14,17.58,Bima Timur
2019-06-15,12.17,Bima Barat
2019-06-16,46.67,Bima Timur
2019-06-17,5.25,Bima Barat
2019-06-18,14.78,Bima Tengah
2019-06-19,25.47,Bima Tengah
2019-06-20,20.56,Bima Tengah
2019-06-21,9.85,Bima Tengah
2019-06-22,10.16,Bima Tengah
2019-06-23,30.22,Bima Barat
2019-06-24,31.19,Bima Barat
2019-06-25,20.96,Bima Tengah
2019-06-26,8.09,Bima Timur
2019-06-27,10.43,Bima Timur
2019-06-28,16.4,Bima Tengah
2019-06-29,18.23,Bima Barat
2019-06-30,24.77,Bima Timur
2019-07-01,14.19,Bima Timur
2019-07-02,29.76,Bima Timur
2019-07-03,29.53,Bima Tengah
2019-07-04,39.84,Bima Timur
2019-07-05,16.94,Bima Timur
2019-07-06,21.21,Bima Timur
2019-07-07,15.04,Bima Timur
2019-07-08,8.18,Bima Barat
2019-07-09,60.9,Bima Tengah
2019-07-10,36.53,Bima Tengah
2019-07-11,29.12,Bima Barat
2019-07-12,16.51,Bima Barat
2019-07-13,7.56,Bima Tengah
2019-07-14,32.69,Bima Timur
2019-07-15,14.84,Bima Timur
2019-07-16,22.59,Bima Tengah
2019-07-17,10.4,Bima Timur
2019-07-18,20.03,Bima Barat
2019-07-19,10.94,Bima Timur
2019-07-20,11.3,Bima Timur
2019-07-21,19.85,Bima Timur
2019-07-22,4.09,Bima Tengah
2019-07-23,4.3,Bima Barat
2019-07-24,9.01,Bima Timur
2019-07-25,14.06,Bima Tengah
2019-07-26,30.37,Bima Timur
2019-07-27,14.69,Bima Barat
2019-07-28,16.43,Bima Timur
2019-07-29,13.21,Bima Barat
2019-07-30,21.19,Bima Timur
2019-07-31,8.11,Bima Barat
2019-08-01,15.3,Bima Timur
2019-08-02,22.41,Bima Barat
2019-08-03,19.73,Bima Timur
2019-08-04,16.83,Bima Timur
2019-08-05,16.99,Bima Tengah
2019-08-06,23.96,Bima Tengah
2019-08-07,62.78,Bima Barat
2019-08-08,8.59,Bima Timur
2019-08-09,63.93,Bima Barat
2019-08-10,8.26,Bima Tengah
2019-08-11,1.54,Bima Barat
2019-08-12,10.76,Bima Barat
2019-08-13,21.48,Bima Tengah
2019-08-14,54.52,Bima Timur
2019-08-15,7.55,Bima Barat
2019-08-16,23.86,Bima Tengah
2019-08-17,4.77,Bima Timur
2019-08-18,53.25,Bima Tengah
2019-08-19,37.0,Bima Barat
2019-08-20,11.31,Bima Timur
2019-08-21,40.97,Bima Timur
2019-08-22,15.23,Bima Tengah
2019-08-23,38.3,Bima Tengah
2019-08-24,16.73,Bima Tengah
2019-08-25,17.28,Bima Timur
2019-08-26,11.51,Bima Timur
2019-08-27,26.07,Bima Barat
2019-08-28,18.27,Bima Timur
2019-08-29,24.23,Bima Barat
2019-08-30,3.67,Bima Tengah
2019-08-31,39.2,Bima Tengah
2019-09-01,45.78,Bima Timur
2019-09-02,18.21,Bima Tengah
2019-09-03,59.94,Bima Tengah
2019-09-04,51.15,Bima Timur
2019-09-05,26.46,Bima Barat
2019-09-06,41.31,Bima Timur
2019-09-07,34.41,Bima Barat
2019-09-08,2.71,Bima Timur
2019-09-09,13.42,Bima Timur
2019-09-10,27.75,Bima Tengah
2019-09-11,47.77,Bima Timur
2019-09-12,4.44,Bima Timur
2019-09-13,2.93,Bima Barat
2019-09-14,15.96,Bima Tengah
2019-09-15,1.69,Bima Barat
2019-09-16,15.54,Bima Barat
2019-09-17,21.86,Bima Tengah
2019-09-18,7.24,Bima Tengah
2019-09-19,15.87,Bima Tengah
2019-09-20,32.29,Bima Timur
2019-09-21,10.72,Bima Tengah
2019-09-22,8.38,Bima Tengah
2019-09-23,15.32,Bima Tengah
2019-09-24,6.56,Bima Barat
2019-09-25,57.07,Bima Barat
2019-09-26,17.13,Bima Timur
2019-09-27,9.17,Bima Barat
2019-09-28,19.58,Bima Timur
2019-09-29,15.26,Bima Barat
2019-09-30,13.97,Bima Tengah
2019-10-01,10.71,Bima Barat
2019-10-02,10.28,Bima Timur
2019-10-03,3.76,Bima Barat
2019-10-04,41.27,Bima Tengah
2019-10-05,25.27,Bima Timur
2019-10-06,21.02,Bima Tengah
2019-10-07,15.07,Bima Tengah
2019-10-08,7.12,Bima Timur
2019-10-09,8.68,Bima Tengah
2019-10-10,4.22,Bima Tengah
2019-10-11,9.64,Bima Barat
2019-10-12,6.24,Bima Tengah
2019-10-13,49.31,Bima Tengah
2019-10-14,30.84,Bima Tengah
2019-10-15,17.69,Bima Tengah
2019-10-16,7.84,Bima Timur
2019-10-17,6.54,Bima Barat
2019-10-18,14.33,Bima Tengah
2019-10-19,31.71,Bima Tengah
2019-10-20,4.35,Bima Timur
2019-10-21,25.04,Bima Tengah
2019-10-22,9.6,Bima Timur
2019-10-23,11.14,Bima Barat
2019-10-24,17.3,Bima Barat
2019-10-25,8.08,Bima Tengah
2019-10-26,13.77,Bima Tengah
2019-10-27,7.48,Bima Tengah
2019-10-28,10.27,Bima Timur
2019-10-29,28.44,Bima Tengah
2019-10-30,17.98,Bima Tengah
2019-10-31,28.37,Bima Barat
2019-11-01,9.49,Bima Tengah
2019-11-02,25.17,Bima Barat
2019-11-03,3.25,Bima Tengah
2019-11-04,17.3,Bima Barat
2019-11-05,26.34,Bima Tengah
2019-11-06,3.1,Bima Barat
2019-11-07,9.59,Bima Timur
2019-11-08,17.29,Bima Barat
2019-11-09,33.33,Bima Barat
2019-11-10,10.27,Bima Barat
2019-11-11,24.48,Bima Tengah
2019-11-12,43.06,Bima Tengah
2019-11-13,25.28,Bima Tengah
2019-11-14,14.18,Bima Timur
2019-11-15,21.93,Bima Timur
2019-11-16,10.02,Bima Barat
2019-11-17,17.81,Bima Timur
2019-11-18,14.74,Bima Barat
2019-11-19,21.42,Bima Barat
2019-11-20,11.89,Bima Barat
2019-11-21,22.3,Bima Timur
2019-11-22,11.8,Bima Tengah
2019-11-23,30.63,Bima Timur
2019-11-24,12.8,Bima Barat
2019-11-25,1.77,Bima Barat
2019-11-26,6.75,Bima Timur
2019-11-27,16.91,Bima Barat
2019-11-28,49.03,Bima Barat
2019-11-29,29.83,Bima Timur
2019-11-30,1.32,Bima Timur
2019-12-01,3.94,Bima Timur
2019-12-02,36.22,Bima Barat
2019-12-03,26.24,Bima Barat
2019-12-04,66.53,Bima Tengah
2019-12-05,11.41,Bima Tengah
2019-12-06,7.93,Bima Timur
2019-12-07,17.61,Bima Tengah
2019-12-08,11.23,Bima Barat
2019-12-09,33.97,Bima Tengah
2019-12-10,10.91,Bima Barat
2019-12-11,13.42,Bima Timur
2019-12-12,6.96,Bima Timur
2019-12-13,28.47,Bima Barat
2019-12-14,7.37,Bima Tengah
2019-12-15,22.59,Bima Timur
2019-12-16,54.53,Bima Timur
2019-12-17,2.64,Bima Tengah
2019-12-18,44.4,Bima Tengah
2019-12-19,20.55,Bima Barat
2019-12-20,5.95,Bima Tengah
2019-12-21,18.12,Bima Tengah
2019-12-22,27.9,Bima Tengah
2019-12-23,8.4,Bima Barat
2019-12-24,23.52,Bima Barat
2019-12-25,46.86,Bima Timur
2019-12-26,10.9,Bima Barat
2019-12-27,6.88,Bima Timur
2019-12-28,15.09,Bima Tengah
2019-12-29,17.4,Bima Timur
2019-12-30,35.16,Bima Timur
2019-12-31,14.71,Bima Tengah
2020-01-01,11.74,Bima Timur
2020-01-02,6.72,Bima Barat
2020-01-03,3.13,Bima Barat
2020-01-04,4.94,Bima Barat
2020-01-05,4.91,Bima Barat
2020-01-06,13.53,Bima Timur
2020-01-07,3.82,Bima Timur
2020-01-08,15.98,Bima Tengah
2020-01-09,53.75,Bima Timur
2020-01-10,35.85,Bima Timur
2020-01-11,13.43,Bima Timur
2020-01-12,76.85,Bima Tengah
2020-01-13,17.44,Bima Barat
2020-01-14,19.36,Bima Timur
2020-01-15,14.87,Bima Tengah
2020-01-16,16.25,Bima Tengah
2020-01-17,10.59,Bima Tengah
2020-01-18,13.59,Bima Barat
2020-01-19,44.6,Bima Timur
2020-01-20,38.48,Bima Tengah
2020-01-21,1.67,Bima Barat
2020-01-22,4.3,Bima Tengah
2020-01-23,8.51,Bima Tengah
2020-01-24,31.9,Bima Tengah
2020-01-25,39.06,Bima Tengah
2020-01-26,27.83,Bima Tengah
2020-01-27,5.93,Bima Barat
2020-01-28,10.77,Bima Timur
2020-01-29,23.82,Bima Timur
2020-01-30,13.75,Bima Timur
2020-01-31,12.28,Bima Timur
2020-02-01,12.43,Bima Barat
2020-02-02,36.56,Bima Barat
2020-02-03,25.56,Bima Barat
2020-02-04,12.98,Bima Tengah
2020-02-05,21.24,Bima Tengah
2020-02-06,5.17,Bima Tengah
2020-02-07,10.79,Bima Timur
2020-02-08,34.21,Bima Tengah
2020-02-09,3.57,Bima Timur
2020-02-10,25.78,Bima Tengah
2020-02-11,1.65,Bima Timur
2020-02-12,49.56,Bima Tengah
2020-02-13,10.58,Bima Tengah
2020-02-14,22.37,Bima Barat
2020-02-15,18.19,Bima Tengah
2020-02-16,18.68,Bima Tengah
2020-02-17,20.96,Bima Barat
2020-02-18,2.9,Bima Timur
2020-02-19,18.97,Bima Barat
2020-02-20,14.4,Bima Barat
2020-02-21,10.62,Bima Timur
2020-02-22,8.5,Bima Tengah
2020-02-23,19.33,Bima Timur
2020-02-24,6.96,Bima Tengah
2020-02-25,33.8,Bima Tengah
2020-02-26,23.54,Bima Timur
2020-02-27,20.2,Bima Barat
2020-02-28,32.84,Bima Timur
2020-02-29,2.41,Bima Tengah
2020-03-01,5.0,Bima Timur
2020-03-02,24.28,Bima Timur
2020-03-03,8.94,Bima Tengah
2020-03-04,9.95,Bima Barat
2020-03-05,4.3,Bima Timur
2020-03-06,6.98,Bima Tengah
2020-03-07,34.31,Bima Tengah
2020-03-08,23.88,Bima Timur
2020-03-09,19.17,Bima Barat
2020-03-10,10.29,Bima Timur
2020-03-11,18.29,Bima Barat
2020-03-12,36.34,Bima Barat
2020-03-13,9.14,Bima Barat
2020-03-14,16.22,Bima Barat
2020-03-15,51.57,Bima Timur
2020-03-16,27.58,Bima Tengah
2020-03-17,10.41,Bima Tengah
2020-03-18,26.05,Bima Tengah
2020-03-19,3.5,Bima Tengah
2020-03-20,15.72,Bima Tengah
2020-03-21,26.03,Bima Tengah
2020-03-22,22.07,Bima Timur
2020-03-23,25.86,Bima Barat
2020-03-24,29.92,Bima Tengah
2020-03-25,23.33,Bima Timur
2020-03-26,22.85,Bima Tengah
2020-03-27,19.49,Bima Tengah
2020-03-28,6.24,Bima Barat
2020-03-29,34.3,Bima Barat
2020-03-30,16.16,Bima Barat
2020-03-31,27.1,Bima Tengah
2020-04-01,31.95,Bima Tengah
2020-04-02,10.85,Bima Tengah
2020-04-03,11.66,Bima Barat
2020-04-04,12.99,Bima Timur
2020-04-05,38.7,Bima Tengah
2020-04-06,7.58,Bima Tengah
2020-04-07,43.2,Bima Tengah
2020-04-08,19.34,Bima Timur
2020-04-09,20.36,Bima Tengah
2020-04-10,30.99,Bima Timur
2020-04-11,17.75,Bima Tengah
2020-04-12,34.55,Bima Timur
2020-04-13,10.84,Bima Tengah
2020-04-14,42.29,Bima Barat
2020-04-15,11.55,Bima Barat
2020-04-16,43.35,Bima Barat
2020-04-17,11.81,Bima Barat
2020-04-18,13.29,Bima Tengah
2020-04-19,6.77,Bima Barat
2020-04-20,8.59,Bima Timur
2020-04-21,16.22,Bima Barat
2020-04-22,19.88,Bima Barat
2020-04-23,32.88,Bima Barat
2020-04-24,14.05,Bima Tengah
2020-04-25,22.11,Bima Barat
2020-04-26,18.91,Bima Timur
2020-04-27,23.87,Bima Barat
2020-04-28,9.71,Bima Barat
2020-04-29,10.71,Bima Barat
2020-04-30,9.72,Bima Timur
2020-05-01,37.21,Bima Barat
2020-05-02,42.55,Bima Timur
2020-05-03,10.33,Bima Timur
2020-05-04,10.51,Bima Barat
2020-05-05,26.25,Bima Timur
2020-05-06,45.69,Bima Tengah
2020-05-07,52.26,Bima Barat
2020-05-08,9.94,Bima Barat
2020-05-09,12.15,Bima Timur
2020-05-10,20.64,Bima Timur
2020-05-11,21.37,Bima Barat
2020-05-12,14.49,Bima Tengah
2020-05-13,8.34,Bima Timur
2020-05-14,16.24,Bima Timur
2020-05-15,52.23,Bima Tengah
2020-05-16,10.84,Bima Tengah
2020-05-17,19.73,Bima Barat
2020-05-18,75.2,Bima Tengah
2020-05-19,10.71,Bima Barat
2020-05-20,27.11,Bima Tengah
2020-05-21,53.68,Bima Timur
2020-05-22,25.51,Bima Barat
2020-05-23,35.47,Bima Barat
2020-05-24,29.66,Bima Barat
2020-05-25,24.11,Bima Tengah
2020-05-26,41.64,Bima Timur
2020-05-27,26.52,Bima Barat
2020-05-28,14.6,Bima Barat
2020-05-29,18.63,Bima Barat
2020-05-30,21.89,Bima Barat
2020-05-31,12.09,Bima Timur
2020-06-01,19.26,Bima Tengah
2020-06-02,17.27,Bima Timur
2020-06-03,26.47,Bima Barat
2020-06-04,63.1,Bima Timur
2020-06-05,20.1,Bima Barat
2020-06-06,46.45,Bima Tengah
2020-06-07,25.81,Bima Tengah
2020-06-08,19.19,Bima Tengah
2020-06-09,11.54,Bima Barat
2020-06-10,19.3,Bima Timur
2020-06-11,18.44,Bima Tengah
2020-06-12,9.16,Bima Barat
2020-06-13,10.44,Bima Barat
2020-06-14,22.03,Bima Timur
2020-06-15,46.15,Bima Tengah
2020-06-16,15.83,Bima Barat
2020-06-17,4.09,Bima Timur
2020-06-18,6.65,Bima Tengah
2020-06-19,27.59,Bima Timur
2020-06-20,5.0,Bima Timur
2020-06-21,30.66,Bima Barat
2020-06-22,26.55,Bima Barat
2020-06-23,15.42,Bima Barat
2020-06-24,9.23,Bima Timur
2020-06-25,13.74,Bima Barat
2020-06-26,21.64,Bima Timur
2020-06-27,5.17,Bima Timur
2020-06-28,43.12,Bima Barat
2020-06-29,21.49,Bima Tengah
2020-06-30,23.29,Bima Tengah
2020-07-01,26.42,Bima Tengah
2020-07-02,40.39,Bima Timur
2020-07-03,19.33,Bima Timur
2020-07-04,27.6,Bima Timur
2020-07-05,9.37,Bima Barat
2020-07-06,52.4,Bima Timur
2020-07-07,18.38,Bima Barat
2020-07-08,9.33,Bima Barat
2020-07-09,11.54,Bima Tengah
2020-07-10,2.24,Bima Tengah
2020-07-11,11.48,Bima Tengah
2020-07-12,0.87,Bima Barat
2020-07-13,29.01,Bima Barat
2020-07-14,22.78,Bima Barat
2020-07-15,7.04,Bima Timur
2020-07-16,16.06,Bima Barat
2020-07-17,16.62,Bima Tengah
2020-07-18,5.74,Bima Tengah
2020-07-19,13.97,Bima Barat
2020-07-20,17.02,Bima Barat
2020-07-21,13.67,Bima Tengah
2020-07-22,9.32,Bima Barat
2020-07-23,6.79,Bima Tengah
2020-07-24,13.29,Bima Timur
2020-07-25,10.33,Bima Tengah
2020-07-26,25.21,Bima Timur
2020-07-27,42.05,Bima Barat
2020-07-28,31.68,Bima Barat
2020-07-29,17.45,Bima Timur
2020-07-30,9.63,Bima Barat
2020-07-31,31.1,Bima Timur
2020-08-01,26.29,Bima Barat
2020-08-02,40.12,Bima Tengah
2020-08-03,19.35,Bima Barat
2020-08-04,50.62,Bima Tengah
2020-08-05,19.35,Bima Tengah
2020-08-06,9.59,Bima Timur
2020-08-07,11.17,Bima Barat
2020-08-08,24.37,Bima Timur
2020-08-09,10.3,Bima Barat
2020-08-10,50.4,Bima Tengah
2020-08-11,22.96,Bima Tengah
2020-08-12,17.16,Bima Barat
2020-08-13,18.26,Bima Barat
2020-08-14,13.56,Bima Timur
2020-08-15,3.07,Bima Barat
2020-08-16,11.17,Bima Barat
2020-08-17,46.36,Bima Barat
2020-08-18,19.74,Bima Timur
2020-08-19,34.17,Bima Barat
2020-08-20,34.83,Bima Tengah
2020-08-21,16.17,Bima Timur
2020-08-22,26.59,Bima Timur
2020-08-23,3.48,Bima Tengah
2020-08-24,43.92,Bima Tengah
2020-08-25,41.59,Bima Tengah
2020-08-26,23.89,Bima Barat
2020-08-27,20.26,Bima Tengah
2020-08-28,16.34,Bima Barat
2020-08-29,36.85,Bima Timur
2020-08-30,28.75,Bima Timur
2020-08-31,12.41,Bima Tengah
2020-09-01,5.99,Bima Barat
2020-09-02,4.92,Bima Tengah
2020-09-03,36.59,Bima Tengah
2020-09-04,16.07,Bima Barat
2020-09-05,23.61,Bima Tengah
2020-09-06,17.68,Bima Timur
2020-09-07,4.98,Bima Tengah
2020-09-08,3.57,Bima Barat
2020-09-09,11.73,Bima Barat
2020-09-10,12.56,Bima Timur
2020-09-11,12.55,Bima Barat
2020-09-12,12.85,Bima Barat
2020-09-13,60.42,Bima Timur
2020-09-14,33.82,Bima Tengah
2020-09-15,19.94,Bima Timur
2020-09-16,15.76,Bima Tengah
2020-09-17,16.19,Bima Timur
2020-09-18,28.03,Bima Tengah
2020-09-19,15.65,Bima Timur
2020-09-20,31.52,Bima Tengah
2020-09-21,21.55,Bima Timur
2020-09-22,60.78,Bima Tengah
2020-09-23,14.93,Bima Timur
2020-09-24,35.46,Bima Barat
2020-09-25,6.52,Bima Tengah
2020-09-26,9.84,Bima Timur
2020-09-27,55.6,Bima Tengah
2020-09-28,30.61,Bima Tengah
2020-09-29,23.92,Bima Timur
2020-09-30,70.93,Bima Tengah
2020-10-01,15.93,Bima Timur
2020-10-02,35.4,Bima Barat
2020-10-03,37.17,Bima Tengah
2020-10-04,47.9,Bima Barat
2020-10-05,5.82,Bima Tengah
2020-10-06,15.85,Bima Tengah
2020-10-07,21.28,Bima Tengah
2020-10-08,47.39,Bima Timur
2020-10-09,23.23,Bima Barat
2020-10-10,37.22,Bima Tengah
2020-10-11,5.31,Bima Timur
2020-10-12,13.11,Bima Tengah
2020-10-13,41.48,Bima Timur
2020-10-14,14.53,Bima Tengah
2020-10-15,16.87,Bima Barat
2020-10-16,46.89,Bima Barat
2020-10-17,7.95,Bima Tengah
2020-10-18,9.7,Bima Timur
2020-10-19,4.76,Bima Tengah
2020-10-20,48.12,Bima Timur
2020-10-21,33.4,Bima Tengah
2020-10-22,32.83,Bima Timur
2020-10-23,12.81,Bima Barat
2020-10-24,4.39,Bima Tengah
2020-10-25,3.17,Bima Barat
2020-10-26,41.69,Bima Barat
2020-10-27,25.06,Bima Tengah
2020-10-28,28.51,Bima Tengah
2020-10-29,20.57,Bima Timur
2020-10-30,8.7,Bima Timur
2020-10-31,13.3,Bima Barat
2020-11-01,6.88,Bima Timur
2020-11-02,6.09,Bima Timur
2020-11-03,31.56,Bima Tengah
2020-11-04,3.5,Bima Timur
2020-11-05,6.93,Bima Barat
2020-11-06,13.93,Bima Timur
2020-11-07,18.06,Bima Barat
2020-11-08,4.7,Bima Tengah
2020-11-09,23.02,Bima Barat
2020-11-10,19.73,Bima Timur
2020-11-11,41.21,Bima Tengah
2020-11-12,18.3,Bima Timur
2020-11-13,24.71,Bima Tengah
2020-11-14,9.15,Bima Tengah
2020-11-15,9.49,Bima Timur
2020-11-16,5.21,Bima Timur
2020-11-17,9.23,Bima Tengah
2020-11-18,13.14,Bima Tengah
2020-11-19,38.52,Bima Timur
2020-11-20,8.04,Bima Barat
2020-11-21,62.53,Bima Timur
2020-11-22,26.26,Bima Tengah
2020-11-23,22.6,Bima Timur
2020-11-24,17.24,Bima Barat
2020-11-25,14.84,Bima Timur
2020-11-26,10.46,Bima Tengah
2020-11-27,4.5,Bima Timur
2020-11-28,8.3,Bima Tengah
2020-11-29,48.05,Bima Tengah
2020-11-30,25.14,Bima Timur
2020-12-01,47.77,Bima Tengah
2020-12-02,10.23,Bima Tengah
2020-12-03,6.7,Bima Barat
2020-12-04,17.11,Bima Barat
2020-12-05,8.57,Bima Barat
2020-12-06,19.87,Bima Barat
2020-12-07,3.57,Bima Tengah
2020-12-08,1.9,Bima Timur
2020-12-09,21.98,Bima Tengah
2020-12-10,48.93,Bima Tengah
2020-12-11,22.68,Bima Tengah
2020-12-12,24.96,Bima Timur
2020-12-13,17.67,Bima Barat
2020-12-14,18.95,Bima Tengah
2020-12-15,4.27,Bima Tengah
2020-12-16,8.86,Bima Barat
2020-12-17,38.26,Bima Tengah
2020-12-18,12.91,Bima Timur
2020-12-19,37.75,Bima Tengah
2020-12-20,18.56,Bima Tengah
2020-12-21,19.27,Bima Barat
2020-12-22,12.99,Bima Tengah
2020-12-23,27.58,Bima Tengah
2020-12-24,32.32,Bima Timur
2020-12-25,8.44,Bima Barat
2020-12-26,4.71,Bima Barat
2020-12-27,2.42,Bima Timur
2020-12-28,24.12,Bima Tengah
2020-12-29,22.2,Bima Barat
2020-12-30,74.01,Bima Barat
2020-12-31,17.75,Bima Tengah
2021-01-01,15.42,Bima Tengah
2021-01-02,20.36,Bima Barat
2021-01-03,21.17,Bima Tengah
2021-01-04,14.51,Bima Barat
2021-01-05,8.69,Bima Tengah
2021-01-06,17.03,Bima Tengah
2021-01-07,16.55,Bima Timur
2021-01-08,16.35,Bima Tengah
2021-01-09,29.61,Bima Timur
2021-01-10,16.8,Bima Tengah
2021-01-11,4.82,Bima Barat
2021-01-12,9.97,Bima Barat
2021-01-13,14.37,Bima Tengah
2021-01-14,17.41,Bima Tengah
2021-01-15,24.48,Bima Barat
2021-01-16,17.51,Bima Tengah
2021-01-17,1.96,Bima Timur
2021-01-18,5.42,Bima Timur
2021-01-19,25.67,Bima Timur
2021-01-20,14.06,Bima Timur
2021-01-21,18.66,Bima Timur
2021-01-22,12.68,Bima Tengah
2021-01-23,9.94,Bima Tengah
2021-01-24,13.06,Bima Timur
2021-01-25,18.83,Bima Tengah
2021-01-26,16.71,Bima Tengah
2021-01-27,32.18,Bima Timur
2021-01-28,3.91,Bima Tengah
2021-01-29,4.52,Bima Tengah
2021-01-30,13.93,Bima Tengah
2021-01-31,24.68,Bima Timur
2021-02-01,28.51,Bima Tengah
2021-02-02,10.28,Bima Barat
2021-02-03,0.6,Bima Barat
2021-02-04,10.56,Bima Timur
2021-02-05,22.25,Bima Barat
2021-02-06,16.47,Bima Timur
2021-02-07,25.32,Bima Barat
2021-02-08,37.38,Bima Barat
2021-02-09,14.7,Bima Barat
2021-02-10,11.57,Bima Timur
2021-02-11,7.65,Bima Timur
2021-02-12,4.49,Bima Tengah
2021-02-13,3.31,Bima Timur
2021-02-14,9.44,Bima Barat
2021-02-15,34.02,Bima Barat
2021-02-16,27.04,Bima Timur
2021-02-17,11.13,Bima Timur
2021-02-18,62.91,Bima Timur
2021-02-19,10.01,Bima Tengah
2021-02-20,39.75,Bima Barat
2021-02-21,46.05,Bima Tengah
2021-02-22,23.34,Bima Tengah
2021-02-23,9.36,Bima Barat
2021-02-24,12.38,Bima Barat
2021-02-25,19.17,Bima Timur
2021-02-26,4.62,Bima Timur
2021-02-27,7.01,Bima Tengah
2021-02-28,6.48,Bima Timur
2021-03-01,24.6,Bima Timur
2021-03-02,37.14,Bima Barat
2021-03-03,27.78,Bima Barat
2021-03-04,33.12,Bima Timur
2021-03-05,8.68,Bima Barat
2021-03-06,12.84,Bima Timur
2021-03-07,13.63,Bima Barat
2021-03-08,23.27,Bima Barat
2021-03-09,9.66,Bima Barat
2021-03-10,31.74,Bima Barat
2021-03-11,45.21,Bima Timur
2021-03-12,24.12,Bima Tengah
2021-03-13,12.39,Bima Barat
2021-03-14,8.01,Bima Timur
2021-03-15,6.49,Bima Timur
2021-03-16,1.99,Bima Barat
2021-03-17,13.97,Bima Tengah
2021-03-18,13.34,Bima Barat
2021-03-19,30.43,Bima Timur
2021-03-20,10.22,Bima Tengah
2021-03-21,14.6,Bima Timur
2021-03-22,20.59,Bima Barat
2021-03-23,23.84,Bima Tengah
2021-03-24,28.07,Bima Timur
2021-03-25,19.11,Bima Timur
2021-03-26,4.9,Bima Timur
2021-03-27,22.38,Bima Barat
2021-03-28,9.59,Bima Tengah
2021-03-29,38.31,Bima Barat
2021-03-30,16.94,Bima Barat
2021-03-31,19.97,Bima Barat
2021-04-01,77.87,Bima Tengah
2021-04-02,28.41,Bima Barat
2021-04-03,22.09,Bima Barat
2021-04-04,14.94,Bima Barat
2021-04-05,5.33,Bima Barat
2021-04-06,14.11,Bima Timur
2021-04-07,7.92,Bima Barat
2021-04-08,48.86,Bima Timur
2021-04-09,22.3,Bima Barat
2021-04-10,37.38,Bima Tengah
2021-04-11,9.97,Bima Timur
2021-04-12,8.45,Bima Timur
2021-04-13,26.51,Bima Timur
2021-04-14,7.63,Bima Timur
2021-04-15,11.63,Bima Tengah
2021-04-16,50.38,Bima Barat
2021-04-17,12.02,Bima Timur
2021-04-18,4.24,Bima Tengah
2021-04-19,2.7,Bima Timur
2021-04-20,3.71,Bima Barat
2021-04-21,38.86,Bima Timur
2021-04-22,10.51,Bima Tengah
2021-04-23,76.31,Bima Barat
2021-04-24,45.55,Bima Tengah
2021-04-25,58.3,Bima Barat
2021-04-26,33.69,Bima Barat
2021-04-27,25.55,Bima Barat
2021-04-28,8.18,Bima Timur
2021-04-29,16.62,Bima Tengah
2021-04-30,27.37,Bima Tengah
2021-05-01,32.29,Bima Tengah
2021-05-02,5.85,Bima Barat
2021-05-03,14.29,Bima Timur
2021-05-04,15.62,Bima Barat
2021-05-05,15.14,Bima Tengah
2021-05-06,6.63,Bima Timur
2021-05-07,53.89,Bima Timur
2021-05-08,13.91,Bima Timur
2021-05-09,7.1,Bima Tengah
2021-05-10,54.76,Bima Timur
2021-05-11,45.58,Bima Timur
2021-05-12,18.55,Bima Barat
2021-05-13,11.35,Bima Barat
2021-05-14,3.39,Bima Timur
2021-05-15,24.22,Bima Timur
2021-05-16,10.69,Bima Barat
2021-05-17,16.31,Bima Barat
2021-05-18,51.61,Bima Barat
2021-05-19,10.04,Bima Tengah
2021-05-20,23.48,Bima Tengah
2021-05-21,28.64,Bima Barat
2021-05-22,38.05,Bima Timur
2021-05-23,15.41,Bima Barat
2021-05-24,14.17,Bima Tengah
2021-05-25,13.91,Bima Timur
2021-05-26,21.87,Bima Tengah
2021-05-27,44.32,Bima Timur
2021-05-28,13.41,Bima Tengah
2021-05-29,0.87,Bima Timur
2021-05-30,30.88,Bima Timur
2021-05-31,17.55,Bima Timur
2021-06-01,24.25,Bima Timur
2021-06-02,3.54,Bima Tengah
2021-06-03,10.73,Bima Tengah
2021-06-04,29.17,Bima Timur
2021-06-05,5.15,Bima Timur
2021-06-06,23.44,Bima Tengah
2021-06-07,16.21,Bima Timur
2021-06-08,8.87,Bima Timur
2021-06-09,8.24,Bima Timur
2021-06-10,6.69,Bima Barat
2021-06-11,17.48,Bima Timur
2021-06-12,19.05,Bima Barat
2021-06-13,12.36,Bima Timur
2021-06-14,6.3,Bima Tengah
2021-06-15,22.96,Bima Barat
2021-06-16,31.27,Bima Barat
2021-06-17,26.01,Bima Timur
2021-06-18,59.84,Bima Timur
2021-06-19,14.42,Bima Barat
2021-06-20,41.46,Bima Tengah
2021-06-21,9.64,Bima Tengah
2021-06-22,8.33,Bima Timur
2021-06-23,18.3,Bima Tengah
2021-06-24,47.67,Bima Tengah
2021-06-25,13.18,Bima Timur
2021-06-26,3.54,Bima Tengah
2021-06-27,30.86,Bima Timur
2021-06-28,15.68,Bima Barat
2021-06-29,20.83,Bima Timur
2021-06-30,8.72,Bima Barat
2021-07-01,18.17,Bima Barat
2021-07-02,4.14,Bima Tengah
2021-07-03,54.43,Bima Tengah
2021-07-04,34.86,Bima Tengah
2021-07-05,17.56,Bima Timur
2021-07-06,30.28,Bima Tengah
2021-07-07,9.66,Bima Barat
2021-07-08,33.81,Bima Tengah
2021-07-09,12.71,Bima Tengah
2021-07-10,11.98,Bima Timur
2021-07-11,7.13,Bima Timur
2021-07-12,22.76,Bima Barat
2021-07-13,16.98,Bima Timur
2021-07-14,42.35,Bima Tengah
2021-07-15,6.37,Bima Timur
2021-07-16,22.83,Bima Barat
2021-07-17,37.18,Bima Tengah
2021-07-18,19.3,Bima Barat
2021-07-19,12.51,Bima Timur
2021-07-20,18.94,Bima Timur
2021-07-21,40.12,Bima Barat
2021-07-22,40.11,Bima Tengah
2021-07-23,15.19,Bima Timur
2021-07-24,39.64,Bima Timur
2021-07-25,16.37,Bima Tengah
2021-07-26,30.04,Bima Timur
2021-07-27,24.77,Bima Barat
2021-07-28,12.1,Bima Timur
2021-07-29,7.37,Bima Timur
2021-07-30,37.84,Bima Tengah
2021-07-31,45.03,Bima Barat
2021-08-01,22.44,Bima Tengah
2021-08-02,16.36,Bima Timur
2021-08-03,5.61,Bima Timur
2021-08-04,37.18,Bima Tengah
2021-08-05,20.6,Bima Tengah
2021-08-06,13.54,Bima Tengah
2021-08-07,30.64,Bima Barat
2021-08-08,4.63,Bima Timur
2021-08-09,6.8,Bima Tengah
2021-08-10,9.36,Bima Timur
2021-08-11,24.22,Bima Barat
2021-08-12,19.09,Bima Barat
2021-08-13,26.28,Bima Barat
2021-08-14,35.49,Bima Barat
2021-08-15,26.94,Bima Timur
2021-08-16,55.19,Bima Barat
2021-08-17,35.43,Bima Barat
2021-08-18,15.16,Bima Tengah
2021-08-19,10.67,Bima Barat
2021-08-20,15.52,Bima Tengah
2021-08-21,27.61,Bima Barat
2021-08-22,11.65,Bima Barat
2021-08-23,28.14,Bima Tengah
2021-08-24,25.94,Bima Barat
2021-08-25,7.27,Bima Timur
2021-08-26,34.99,Bima Timur
2021-08-27,21.87,Bima Barat
2021-08-28,53.44,Bima Timur
2021-08-29,16.42,Bima Tengah
2021-08-30,13.05,Bima Barat
2021-08-31,6.43,Bima Barat
2021-09-01,6.33,Bima Tengah
2021-09-02,32.19,Bima Tengah
2021-09-03,49.94,Bima Tengah
2021-09-04,15.35,Bima Barat
2021-09-05,14.58,Bima Tengah
2021-09-06,17.59,Bima Tengah
2021-09-07,36.62,Bima Timur
2021-09-08,7.33,Bima Timur
2021-09-09,19.94,Bima Barat
2021-09-10,32.69,Bima Timur
2021-09-11,24.01,Bima Timur
2021-09-12,0.46,Bima Tengah
2021-09-13,27.04,Bima Tengah
2021-09-14,24.18,Bima Timur
2021-09-15,41.43,Bima Timur
2021-09-16,47.35,Bima Timur
2021-09-17,40.06,Bima Barat
2021-09-18,17.66,Bima Barat
2021-09-19,3.36,Bima Barat
2021-09-20,14.5,Bima Timur
2021-09-21,17.24,Bima Timur
2021-09-22,49.52,Bima Barat
2021-09-23,8.8,Bima Barat
2021-09-24,4.77,Bima Timur
2021-09-25,11.72,Bima Tengah
2021-09-26,9.23,Bima Barat
2021-09-27,4.31,Bima Timur
2021-09-28,15.62,Bima Timur
2021-09-29,17.75,Bima Tengah
2021-09-30,4.04,Bima Timur
2021-10-01,12.99,Bima Timur
2021-10-02,8.72,Bima Barat
2021-10-03,18.2,Bima Barat
2021-10-04,19.57,Bima Tengah
2021-10-05,8.72,Bima Tengah
2021-10-06,34.77,Bima Timur
2021-10-07,16.94,Bima Barat
2021-10-08,9.09,Bima Tengah
2021-10-09,3.77,Bima Tengah
2021-10-10,20.36,Bima Tengah
2021-10-11,24.13,Bima Timur
2021-10-12,11.18,Bima Barat
2021-10-13,18.63,Bima Tengah
2021-10-14,47.35,Bima Barat
2021-10-15,31.13,Bima Tengah
2021-10-16,1.46,Bima Tengah
2021-10-17,9.0,Bima Barat
2021-10-18,15.03,Bima Barat
2021-10-19,17.68,Bima Barat
2021-10-20,18.94,Bima Timur
2021-10-21,23.05,Bima Tengah
2021-10-22,15.43,Bima Timur
2021-10-23,16.91,Bima Barat
2021-10-24,32.25,Bima Tengah
2021-10-25,20.66,Bima Timur
2021-10-26,5.83,Bima Tengah
2021-10-27,18.11,Bima Timur
2021-10-28,15.06,Bima Barat
2021-10-29,2.26,Bima Timur
2021-10-30,18.82,Bima Tengah
2021-10-31,6.61,Bima Tengah
2021-11-01,32.58,Bima Tengah
2021-11-02,22.81,Bima Tengah
2021-11-03,5.52,Bima Barat
2021-11-04,31.57,Bima Timur
2021-11-05,41.88,Bima Barat
2021-11-06,13.64,Bima Barat
2021-11-07,14.99,Bima Barat
2021-11-08,29.48,Bima Tengah
2021-11-09,39.81,Bima Tengah
2021-11-10,3.1,Bima Tengah
2021-11-11,6.18,Bima Timur
2021-11-12,11.91,Bima Tengah
2021-11-13,13.0,Bima Timur
2021-11-14,28.89,Bima Tengah
2021-11-15,39.95,Bima Tengah
2021-11-16,41.96,Bima Barat
2021-11-17,3.01,Bima Barat
2021-11-18,8.28,Bima Barat
2021-11-19,10.13,Bima Timur
2021-11-20,8.25,Bima Timur
2021-11-21,22.76,Bima Tengah
2021-11-22,24.76,Bima Timur
2021-11-23,16.75,Bima Tengah
2021-11-24,15.55,Bima Timur
2021-11-25,12.33,Bima Timur
2021-11-26,13.54,Bima Timur
2021-11-27,47.0,Bima Barat
2021-11-28,27.38,Bima Timur
2021-11-29,12.72,Bima Barat
2021-11-30,15.32,Bima Barat
2021-12-01,23.14,Bima Timur
2021-12-02,5.52,Bima Tengah
2021-12-03,18.58,Bima Tengah
2021-12-04,26.34,Bima Tengah
2021-12-05,24.0,Bima Timur
2021-12-06,8.42,Bima Tengah
2021-12-07,9.87,Bima Barat
2021-12-08,1.95,Bima Tengah
2021-12-09,28.31,Bima Timur
2021-12-10,60.34,Bima Tengah
2021-12-11,7.39,Bima Barat
2021-12-12,35.3,Bima Timur
2021-12-13,56.89,Bima Tengah
2021-12-14,11.35,Bima Timur
2021-12-15,15.34,Bima Timur
2021-12-16,20.16,Bima Timur
2021-12-17,23.46,Bima Tengah
2021-12-18,20.97,Bima Timur
2021-12-19,12.1,Bima Tengah
2021-12-20,26.05,Bima Barat
2021-12-21,12.34,Bima Tengah
2021-12-22,22.02,Bima Barat
2021-12-23,16.29,Bima Tengah
2021-12-24,2.66,Bima Timur
2021-12-25,38.84,Bima Tengah
2021-12-26,10.1,Bima Timur
2021-12-27,41.45,Bima Barat
2021-12-28,34.36,Bima Tengah
2021-12-29,19.72,Bima Timur
2021-12-30,24.34,Bima Barat
2021-12-31,26.46,Bima Barat
2022-01-01,14.25,Bima Tengah
2022-01-02,14.79,Bima Barat
2022-01-03,25.56,Bima Timur
2022-01-04,16.43,Bima Barat
2022-01-05,12.14,Bima Barat
2022-01-06,8.55,Bima Timur
2022-01-07,22.49,Bima Barat
2022-01-08,9.81,Bima Barat
2022-01-09,30.46,Bima Barat
2022-01-10,32.25,Bima Barat
2022-01-11,24.21,Bima Timur
2022-01-12,27.89,Bima Barat
2022-01-13,24.26,Bima Timur
2022-01-14,29.28,Bima Barat
2022-01-15,28.42,Bima Barat
2022-01-16,21.63,Bima Barat
2022-01-17,34.65,Bima Barat
2022-01-18,14.65,Bima Timur
2022-01-19,8.78,Bima Timur
2022-01-20,8.39,Bima Timur
2022-01-21,13.0,Bima Tengah
2022-01-22,2.22,Bima Barat
2022-01-23,19.57,Bima Barat
2022-01-24,26.71,Bima Timur
2022-01-25,31.94,Bima Tengah
2022-01-26,3.34,Bima Barat
2022-01-27,8.63,Bima Timur
2022-01-28,29.83,Bima Barat
2022-01-29,14.29,Bima Barat
2022-01-30,26.29,Bima Timur
2022-01-31,5.24,Bima Timur
2022-02-01,41.13,Bima Barat
2022-02-02,4.84,Bima Barat
2022-02-03,19.15,Bima Timur
2022-02-04,19.52,Bima Barat
2022-02-05,11.09,Bima Barat
2022-02-06,23.6,Bima Timur
2022-02-07,24.08,Bima Barat
2022-02-08,22.26,Bima Barat
2022-02-09,10.92,Bima Tengah
2022-02-10,9.21,Bima Timur
2022-02-11,11.92,Bima Tengah
2022-02-12,8.14,Bima Tengah
2022-02-13,35.73,Bima Tengah
2022-02-14,12.78,Bima Barat
2022-02-15,18.75,Bima Barat
2022-02-16,29.75,Bima Tengah
2022-02-17,7.79,Bima Tengah
2022-02-18,4.63,Bima Tengah
2022-02-19,8.17,Bima Barat
2022-02-20,20.29,Bima Tengah
2022-02-21,19.29,Bima Tengah
2022-02-22,22.23,Bima Timur
2022-02-23,15.37,Bima Timur
2022-02-24,0.85,Bima Barat
2022-02-25,14.99,Bima Timur
2022-02-26,32.49,Bima Timur
2022-02-27,38.26,Bima Timur
2022-02-28,17.84,Bima Barat
2022-03-01,19.35,Bima Timur
2022-03-02,25.95,Bima Barat
2022-03-03,37.54,Bima Tengah
2022-03-04,16.67,Bima Timur
2022-03-05,25.7,Bima Barat
2022-03-06,10.52,Bima Timur
2022-03-07,5.35,Bima Tengah
2022-03-08,11.47,Bima Barat
2022-03-09,43.33,Bima Barat
2022-03-10,26.06,Bima Barat
2022-03-11,5.86,Bima Tengah
2022-03-12,26.91,Bima Tengah
2022-03-13,6.31,Bima Tengah
2022-03-14,22.01,Bima Barat
2022-03-15,7.52,Bima Tengah
2022-03-16,5.54,Bima Timur
2022-03-17,48.14,Bima Tengah
2022-03-18,12.77,Bima Barat
2022-03-19,25.73,Bima Timur
2022-03-20,17.2,Bima Tengah
2022-03-21,6.79,Bima Timur
2022-03-22,13.89,Bima Timur
2022-03-23,6.84,Bima Barat
2022-03-24,71.24,Bima Timur
2022-03-25,28.99,Bima Timur
2022-03-26,16.96,Bima Barat
2022-03-27,24.77,Bima Barat
2022-03-28,27.71,Bima Barat
2022-03-29,27.76,Bima Timur
2022-03-30,26.95,Bima Timur
2022-03-31,25.53,Bima Timur
2022-04-01,18.02,Bima Barat
2022-04-02,45.73,Bima Tengah
2022-04-03,18.89,Bima Timur
2022-04-04,17.33,Bima Tengah
2022-04-05,19.01,Bima Barat
2022-04-06,20.02,Bima Timur
2022-04-07,3.36,Bima Tengah
2022-04-08,8.1,Bima Timur
2022-04-09,15.37,Bima Timur
2022-04-10,3.18,Bima Timur
2022-04-11,16.94,Bima Tengah
2022-04-12,19.83,Bima Barat
2022-04-13,5.12,Bima Timur
2022-04-14,9.91,Bima Barat
2022-04-15,39.29,Bima Barat
2022-04-16,24.95,Bima Tengah
2022-04-17,23.96,Bima Tengah
2022-04-18,36.14,Bima Barat
2022-04-19,8.24,Bima Timur
2022-04-20,5.13,Bima Tengah
2022-04-21,32.94,Bima Timur
2022-04-22,15.71,Bima Timur
2022-04-23,8.04,Bima Timur
2022-04-24,3.34,Bima Barat
2022-04-25,19.17,Bima Timur
2022-04-26,14.33,Bima Barat
2022-04-27,12.46,Bima Barat
2022-04-28,1.31,Bima Timur
2022-04-29,45.34,Bima Timur
2022-04-30,4.21,Bima Timur
2022-05-01,13.46,Bima Timur
2022-05-02,11.72,Bima Barat
2022-05-03,25.48,Bima Timur
2022-05-04,3.38,Bima Timur
2022-05-05,23.37,Bima Barat
2022-05-06,19.24,Bima Tengah
2022-05-07,9.5,Bima Tengah
2022-05-08,22.79,Bima Barat
2022-05-09,16.92,Bima Tengah
2022-05-10,52.5,Bima Barat
2022-05-11,14.32,Bima Timur
2022-05-12,7.12,Bima Timur
2022-05-13,23.54,Bima Tengah
2022-05-14,12.94,Bima Timur
2022-05-15,16.66,Bima Tengah
2022-05-16,5.17,Bima Tengah
2022-05-17,25.75,Bima Timur
2022-05-18,11.31,Bima Timur
2022-05-19,20.34,Bima Tengah
2022-05-20,61.13,Bima Timur
2022-05-21,13.68,Bima Barat
2022-05-22,28.24,Bima Timur
2022-05-23,14.43,Bima Timur
2022-05-24,9.61,Bima Barat
2022-05-25,40.21,Bima Timur
2022-05-26,2.32,Bima Timur
2022-05-27,33.35,Bima Tengah
2022-05-28,1.98,Bima Timur
2022-05-29,31.05,Bima Timur
2022-05-30,16.85,Bima Barat
2022-05-31,7.14,Bima Tengah
2022-06-01,11.94,Bima Tengah
2022-06-02,27.19,Bima Tengah
2022-06-03,57.42,Bima Timur
2022-06-04,3.53,Bima Tengah
2022-06-05,7.55,Bima Barat
2022-06-06,4.72,Bima Tengah
2022-06-07,14.34,Bima Barat
2022-06-08,31.62,Bima Tengah
2022-06-09,4.08,Bima Tengah
2022-06-10,16.51,Bima Barat
2022-06-11,30.94,Bima Tengah
2022-06-12,11.8,Bima Tengah
2022-06-13,19.37,Bima Tengah
2022-06-14,38.25,Bima Timur
2022-06-15,6.31,Bima Barat
2022-06-16,2.64,Bima Tengah
2022-06-17,21.14,Bima Barat
2022-06-18,21.57,Bima Barat
2022-06-19,11.13,Bima Barat
2022-06-20,9.38,Bima Tengah
2022-06-21,17.11,Bima Tengah
2022-06-22,6.2,Bima Barat
2022-06-23,6.21,Bima Timur
2022-06-24,27.07,Bima Barat
2022-06-25,5.8,Bima Timur
2022-06-26,2.84,Bima Barat
2022-06-27,9.36,Bima Barat
2022-06-28,11.36,Bima Barat
2022-06-29,23.37,Bima Tengah
2022-06-30,10.08,Bima Timur
2022-07-01,42.6,Bima Timur
2022-07-02,17.79,Bima Barat
2022-07-03,8.26,Bima Tengah
2022-07-04,22.67,Bima Tengah
2022-07-05,42.1,Bima Timur
2022-07-06,26.55,Bima Tengah
2022-07-07,3.82,Bima Timur
2022-07-08,12.18,Bima Timur
2022-07-09,20.11,Bima Timur
2022-07-10,25.79,Bima Tengah
2022-07-11,14.41,Bima Timur
2022-07-12,12.86,Bima Timur
2022-07-13,52.25,Bima Barat
2022-07-14,26.83,Bima Timur
2022-07-15,22.72,Bima Timur
2022-07-16,10.45,Bima Barat
2022-07-17,6.12,Bima Barat
2022-07-18,23.01,Bima Tengah
2022-07-19,28.88,Bima Timur
2022-07-20,16.59,Bima Tengah
2022-07-21,26.88,Bima Tengah
2022-07-22,27.36,Bima Barat
2022-07-23,30.21,Bima Tengah
2022-07-24,3.75,Bima Timur
2022-07-25,12.47,Bima Barat
2022-07-26,24.0,Bima Timur
2022-07-27,17.32,Bima Timur
2022-07-28,27.41,Bima Barat
2022-07-29,22.71,Bima Timur
2022-07-30,1.46,Bima Barat
2022-07-31,35.22,Bima Timur
2022-08-01,11.22,Bima Barat
2022-08-02,7.83,Bima Tengah
2022-08-03,34.44,Bima Timur
2022-08-04,25.97,Bima Barat
2022-08-05,37.72,Bima Timur
2022-08-06,20.27,Bima Timur
2022-08-07,12.34,Bima Timur
2022-08-08,18.59,Bima Barat
2022-08-09,6.6,Bima Tengah
2022-08-10,4.59,Bima Tengah
2022-08-11,9.79,Bima Tengah
2022-08-12,45.34,Bima Barat
2022-08-13,10.66,Bima Tengah
2022-08-14,2.91,Bima Barat
2022-08-15,14.73,Bima Timur
2022-08-16,10.54,Bima Timur
2022-08-17,35.65,Bima Tengah
2022-08-18,43.23,Bima Barat
2022-08-19,11.88,Bima Timur
2022-08-20,20.26,Bima Barat
2022-08-21,21.51,Bima Barat
2022-08-22,16.05,Bima Timur
2022-08-23,13.87,Bima Barat
2022-08-24,7.36,Bima Timur
2022-08-25,2.39,Bima Timur
2022-08-26,7.32,Bima Timur
2022-08-27,15.61,Bima Barat
2022-08-28,4.08,Bima Timur
2022-08-29,19.49,Bima Barat
2022-08-30,17.58,Bima Timur
2022-08-31,10.56,Bima Timur
2022-09-01,13.4,Bima Tengah
2022-09-02,4.89,Bima Tengah
2022-09-03,29.84,Bima Tengah
2022-09-04,29.49,Bima Barat
2022-09-05,5.8,Bima Barat
2022-09-06,5.97,Bima Timur
2022-09-07,7.41,Bima Timur
2022-09-08,24.85,Bima Timur
2022-09-09,21.46,Bima Timur
2022-09-10,34.17,Bima Barat
2022-09-11,36.78,Bima Timur
2022-09-12,3.68,Bima Timur
2022-09-13,24.23,Bima Tengah
2022-09-14,35.8,Bima Timur
2022-09-15,12.72,Bima Timur
2022-09-16,16.36,Bima Timur
2022-09-17,14.52,Bima Barat
2022-09-18,15.03,Bima Tengah
2022-09-19,29.77,Bima Timur
2022-09-20,50.99,Bima Timur
2022-09-21,41.62,Bima Tengah
2022-09-22,10.98,Bima Timur
2022-09-23,20.3,Bima Barat
2022-09-24,8.46,Bima Timur
2022-09-25,9.25,Bima Barat
2022-09-26,15.81,Bima Barat
2022-09-27,9.03,Bima Timur
2022-09-28,10.24,Bima Tengah
2022-09-29,19.95,Bima Barat
2022-09-30,23.99,Bima Tengah
2022-10-01,23.53,Bima Timur
2022-10-02,23.7,Bima Barat
2022-10-03,5.25,Bima Timur
2022-10-04,8.63,Bima Tengah
2022-10-05,17.16,Bima Timur
2022-10-06,34.71,Bima Timur
2022-10-07,69.6,Bima Barat
2022-10-08,20.9,Bima Timur
2022-10-09,27.83,Bima Timur
2022-10-10,4.67,Bima Timur
2022-10-11,27.31,Bima Barat
2022-10-12,57.89,Bima Tengah
2022-10-13,8.6,Bima Tengah
2022-10-14,10.53,Bima Timur
2022-10-15,30.41,Bima Barat
2022-10-16,17.0,Bima Timur
2022-10-17,2.14,Bima Tengah
2022-10-18,11.08,Bima Barat
2022-10-19,43.11,Bima Tengah
2022-10-20,13.32,Bima Tengah
2022-10-21,13.31,Bima Barat
2022-10-22,29.09,Bima Barat
2022-10-23,21.45,Bima Timur
2022-10-24,12.74,Bima Timur
2022-10-25,9.95,Bima Tengah
2022-10-26,91.09,Bima Barat
2022-10-27,38.45,Bima Barat
2022-10-28,23.69,Bima Timur
2022-10-29,24.78,Bima Tengah
2022-10-30,15.1,Bima Tengah
2022-10-31,21.27,Bima Timur
2022-11-01,13.87,Bima Barat
2022-11-02,7.91,Bima Timur
2022-11-03,21.88,Bima Timur
2022-11-04,12.94,Bima Timur
2022-11-05,22.7,Bima Timur
2022-11-06,25.79,Bima Barat
2022-11-07,23.56,Bima Timur
2022-11-08,7.34,Bima Barat
2022-11-09,11.84,Bima Timur
2022-11-10,13.14,Bima Tengah
2022-11-11,32.71,Bima Barat
2022-11-12,31.56,Bima Tengah
2022-11-13,9.08,Bima Timur
2022-11-14,5.13,Bima Timur
2022-11-15,71.73,Bima Timur
2022-11-16,22.9,Bima Barat
2022-11-17,4.46,Bima Tengah
2022-11-18,10.39,Bima Barat
2022-11-19,33.64,Bima Barat
2022-11-20,60.78,Bima Timur
2022-11-21,54.37,Bima Tengah
2022-11-22,22.22,Bima Timur
2022-11-23,16.71,Bima Barat
2022-11-24,6.7,Bima Timur
2022-11-25,17.8,Bima Tengah
2022-11-26,7.57,Bima Timur
2022-11-27,11.93,Bima Tengah
2022-11-28,30.39,Bima Tengah
2022-11-29,13.82,Bima Timur
2022-11-30,13.09,Bima Barat
2022-12-01,16.03,Bima Timur
2022-12-02,78.56,Bima Barat
2022-12-03,6.04,Bima Barat
2022-12-04,20.56,Bima Timur
2022-12-05,51.24,Bima Barat
2022-12-06,15.99,Bima Barat
2022-12-07,37.98,Bima Timur
2022-12-08,4.78,Bima Timur
2022-12-09,14.18,Bima Timur
2022-12-10,8.32,Bima Barat
2022-12-11,15.86,Bima Tengah
2022-12-12,16.12,Bima Barat
2022-12-13,17.43,Bima Tengah
2022-12-14,30.19,Bima Timur
2022-12-15,1.23,Bima Tengah
2022-12-16,10.0,Bima Timur
2022-12-17,19.55,Bima Timur
2022-12-18,2.28,Bima Tengah
2022-12-19,26.02,Bima Timur
2022-12-20,9.84,Bima Tengah
2022-12-21,14.4,Bima Timur
2022-12-22,31.14,Bima Barat
2022-12-23,39.14,Bima Barat
2022-12-24,26.57,Bima Timur
2022-12-25,5.87,Bima Timur
2022-12-26,25.65,Bima Tengah
2022-12-27,26.87,Bima Barat
2022-12-28,23.29,Bima Tengah
2022-12-29,43.41,Bima Timur
2022-12-30,17.77,Bima Timur
2022-12-31,42.31,Bima Tengah
2023-01-01,42.14,Bima Timur
2023-01-02,27.4,Bima Barat
2023-01-03,20.8,Bima Tengah
2023-01-04,23.39,Bima Barat
2023-01-05,49.66,Bima Barat
2023-01-06,34.68,Bima Barat
2023-01-07,6.57,Bima Tengah
2023-01-08,22.35,Bima Timur
2023-01-09,7.94,Bima Barat
2023-01-10,9.59,Bima Barat
2023-01-11,12.33,Bima Barat
2023-01-12,4.31,Bima Timur
2023-01-13,7.48,Bima Timur
2023-01-14,44.98,Bima Tengah
2023-01-15,9.53,Bima Timur
2023-01-16,30.31,Bima Tengah
2023-01-17,18.98,Bima Tengah
2023-01-18,24.88,Bima Tengah
2023-01-19,25.63,Bima Tengah
2023-01-20,7.18,Bima Tengah
2023-01-21,30.19,Bima Barat
2023-01-22,5.28,Bima Timur
2023-01-23,9.19,Bima Barat
2023-01-24,25.37,Bima Tengah
2023-01-25,6.74,Bima Timur
2023-01-26,2.0,Bima Barat
2023-01-27,21.6,Bima Barat
2023-01-28,3.53,Bima Tengah
2023-01-29,27.06,Bima Barat
2023-01-30,13.06,Bima Barat
2023-01-31,21.38,Bima Barat
2023-02-01,21.09,Bima Barat
2023-02-02,28.47,Bima Barat
2023-02-03,25.89,Bima Tengah
2023-02-04,6.69,Bima Tengah
2023-02-05,13.71,Bima Barat
2023-02-06,21.36,Bima Tengah
2023-02-07,42.82,Bima Tengah
2023-02-08,26.06,Bima Timur
2023-02-09,40.38,Bima Barat
2023-02-10,22.18,Bima Tengah
2023-02-11,35.09,Bima Tengah
2023-02-12,20.1,Bima Barat
2023-02-13,34.13,Bima Timur
2023-02-14,12.53,Bima Barat
2023-02-15,46.09,Bima Timur
2023-02-16,23.99,Bima Barat
2023-02-17,4.34,Bima Barat
2023-02-18,21.88,Bima Barat
2023-02-19,26.12,Bima Barat
2023-02-20,30.91,Bima Timur
2023-02-21,56.76,Bima Timur
2023-02-22,10.95,Bima Tengah
2023-02-23,57.01,Bima Barat
2023-02-24,16.71,Bima Timur
2023-02-25,8.8,Bima Timur
2023-02-26,11.15,Bima Timur
2023-02-27,25.04,Bima Barat
2023-02-28,7.69,Bima Tengah
2023-03-01,12.7,Bima Timur
2023-03-02,21.49,Bima Barat
2023-03-03,45.86,Bima Timur
2023-03-04,30.3,Bima Timur
2023-03-05,17.23,Bima Tengah
2023-03-06,24.96,Bima Timur
2023-03-07,19.98,Bima Timur
2023-03-08,5.79,Bima Barat
2023-03-09,51.15,Bima Barat
2023-03-10,46.34,Bima Tengah
2023-03-11,15.73,Bima Barat
2023-03-12,11.49,Bima Barat
2023-03-13,5.92,Bima Tengah
2023-03-14,26.07,Bima Timur
2023-03-15,26.19,Bima Tengah
2023-03-16,8.29,Bima Barat
2023-03-17,20.15,Bima Tengah
2023-03-18,29.66,Bima Timur
2023-03-19,10.85,Bima Tengah
2023-03-20,14.26,Bima Barat
2023-03-21,14.15,Bima Barat
2023-03-22,8.77,Bima Tengah
2023-03-23,14.49,Bima Timur
2023-03-24,3.6,Bima Tengah
2023-03-25,13.57,Bima Timur
2023-03-26,13.74,Bima Timur
2023-03-27,15.88,Bima Tengah
2023-03-28,23.65,Bima Timur
2023-03-29,5.46,Bima Barat
2023-03-30,6.51,Bima Tengah
2023-03-31,8.57,Bima Timur
2023-04-01,4.91,Bima Barat
2023-04-02,25.59,Bima Tengah
2023-04-03,10.46,Bima Barat
2023-04-04,16.26,Bima Barat
2023-04-05,7.94,Bima Barat
2023-04-06,12.44,Bima Timur
2023-04-07,20.86,Bima Tengah
2023-04-08,21.6,Bima Tengah
2023-04-09,6.77,Bima Timur
2023-04-10,15.65,Bima Tengah
2023-04-11,8.06,Bima Barat
2023-04-12,15.2,Bima Tengah
2023-04-13,9.73,Bima Timur
2023-04-14,53.28,Bima Barat
2023-04-15,29.54,Bima Timur
2023-04-16,22.29,Bima Barat
2023-04-17,13.32,Bima Barat
2023-04-18,30.13,Bima Tengah
2023-04-19,16.0,Bima Barat
2023-04-20,49.77,Bima Timur
2023-04-21,32.21,Bima Tengah
2023-04-22,12.37,Bima Timur
2023-04-23,46.08,Bima Barat
2023-04-24,13.37,Bima Timur
2023-04-25,55.32,Bima Timur
2023-04-26,47.7,Bima Barat
2023-04-27,20.78,Bima Tengah
2023-04-28,3.75,Bima Timur
2023-04-29,19.62,Bima Barat
2023-04-30,6.14,Bima Tengah
2023-05-01,9.99,Bima Tengah
2023-05-02,10.63,Bima Tengah
2023-05-03,6.09,Bima Timur
2023-05-04,19.68,Bima Timur
2023-05-05,9.01,Bima Timur
2023-05-06,13.86,Bima Tengah
2023-05-07,10.71,Bima Timur
2023-05-08,23.73,Bima Barat
2023-05-09,22.52,Bima Timur
2023-05-10,13.0,Bima Timur
2023-05-11,24.57,Bima Tengah
2023-05-12,38.1,Bima Timur
2023-05-13,1.63,Bima Barat
2023-05-14,10.2,Bima Tengah
2023-05-15,7.26,Bima Barat
2023-05-16,9.45,Bima Tengah
2023-05-17,1.25,Bima Tengah
2023-05-18,1.54,Bima Timur
2023-05-19,11.01,Bima Barat
2023-05-20,10.75,Bima Tengah
2023-05-21,41.78,Bima Timur
2023-05-22,18.56,Bima Tengah
2023-05-23,24.13,Bima Tengah
2023-05-24,136.1,Bima Tengah
2023-05-25,50.32,Bima Tengah
2023-05-26,16.09,Bima Tengah
2023-05-27,11.77,Bima Tengah
2023-05-28,10.34,Bima Timur
2023-05-29,21.29,Bima Tengah
2023-05-30,11.85,Bima Barat
2023-05-31,5.92,Bima Timur
2023-06-01,10.67,Bima Barat
2023-06-02,21.74,Bima Tengah
2023-06-03,27.18,Bima Barat
2023-06-04,53.74,Bima Tengah
2023-06-05,17.97,Bima Tengah
2023-06-06,39.62,Bima Timur
2023-06-07,14.28,Bima Timur
2023-06-08,15.85,Bima Tengah
2023-06-09,15.21,Bima Timur
2023-06-10,19.6,Bima Barat
2023-06-11,30.59,Bima Timur
2023-06-12,11.45,Bima Timur
2023-06-13,7.62,Bima Barat
2023-06-14,32.29,Bima Timur
2023-06-15,30.73,Bima Tengah
2023-06-16,43.82,Bima Barat
2023-06-17,10.02,Bima Tengah
2023-06-18,13.88,Bima Barat
2023-06-19,33.13,Bima Tengah
2023-06-20,11.34,Bima Tengah
2023-06-21,26.38,Bima Timur
2023-06-22,14.33,Bima Tengah
2023-06-23,21.21,Bima Timur
2023-06-24,5.81,Bima Barat
2023-06-25,17.79,Bima Tengah
2023-06-26,37.59,Bima Tengah
2023-06-27,28.85,Bima Barat
2023-06-28,7.17,Bima Barat
2023-06-29,50.93,Bima Tengah
2023-06-30,36.05,Bima Barat
2023-07-01,6.08,Bima Timur
2023-07-02,10.73,Bima Barat
2023-07-03,6.41,Bima Barat
2023-07-04,21.64,Bima Tengah
2023-07-05,10.33,Bima Timur
2023-07-06,2.16,Bima Barat
2023-07-07,15.8,Bima Timur
2023-07-08,31.42,Bima Timur
2023-07-09,18.07,Bima Timur
2023-07-10,24.71,Bima Tengah
2023-07-11,19.38,Bima Barat
2023-07-12,28.02,Bima Tengah
2023-07-13,20.68,Bima Barat
2023-07-14,15.13,Bima Barat
2023-07-15,17.9,Bima Tengah
2023-07-16,44.91,Bima Timur
2023-07-17,25.71,Bima Timur
2023-07-18,7.15,Bima Barat
2023-07-19,17.69,Bima Tengah
2023-07-20,21.36,Bima Timur
2023-07-21,14.74,Bima Timur
2023-07-22,2.18,Bima Barat
2023-07-23,7.84,Bima Barat
2023-07-24,11.88,Bima Tengah
2023-07-25,54.84,Bima Barat
2023-07-26,23.76,Bima Timur
2023-07-27,3.61,Bima Timur
2023-07-28,15.49,Bima Timur
2023-07-29,40.31,Bima Timur
2023-07-30,10.21,Bima Tengah
2023-07-31,33.99,Bima Tengah
2023-08-01,3.74,Bima Barat
2023-08-02,0.32,Bima Barat
2023-08-03,37.46,Bima Barat
2023-08-04,11.37,Bima Tengah
2023-08-05,12.14,Bima Timur
2023-08-06,19.25,Bima Barat
2023-08-07,23.16,Bima Timur
2023-08-08,0.76,Bima Barat
2023-08-09,9.53,Bima Barat
2023-08-10,17.44,Bima Barat
2023-08-11,23.13,Bima Barat
2023-08-12,7.07,Bima Barat
2023-08-13,14.14,Bima Timur
2023-08-14,10.18,Bima Barat
2023-08-15,19.73,Bima Timur
2023-08-16,36.56,Bima Tengah
2023-08-17,12.69,Bima Barat
2023-08-18,4.49,Bima Timur
2023-08-19,9.08,Bima Tengah
2023-08-20,50.6,Bima Tengah
2023-08-21,7.87,Bima Tengah
2023-08-22,5.47,Bima Timur
2023-08-23,12.06,Bima Barat
2023-08-24,15.49,Bima Barat
2023-08-25,10.72,Bima Timur
2023-08-26,3.76,Bima Barat
2023-08-27,21.17,Bima Timur
2023-08-28,19.75,Bima Barat
2023-08-29,27.3,Bima Tengah
2023-08-30,19.42,Bima Barat
2023-08-31,47.86,Bima Timur
2023-09-01,28.81,Bima Timur
2023-09-02,24.87,Bima Tengah
2023-09-03,37.47,Bima Timur
2023-09-04,18.55,Bima Barat
2023-09-05,14.38,Bima Barat
2023-09-06,21.0,Bima Tengah
2023-09-07,2.04,Bima Timur
2023-09-08,18.59,Bima Tengah
2023-09-09,15.48,Bima Barat
2023-09-10,22.69,Bima Tengah
2023-09-11,34.06,Bima Timur
2023-09-12,25.39,Bima Tengah
2023-09-13,9.11,Bima Timur
2023-09-14,30.33,Bima Timur
2023-09-15,48.32,Bima Barat
2023-09-16,34.66,Bima Barat
2023-09-17,4.93,Bima Barat
2023-09-18,25.2,Bima Timur
2023-09-19,5.72,Bima Tengah
2023-09-20,13.27,Bima Timur
2023-09-21,22.21,Bima Barat
2023-09-22,20.13,Bima Barat
2023-09-23,34.2,Bima Tengah
2023-09-24,48.47,Bima Barat
2023-09-25,23.85,Bima Barat
2023-09-26,12.46,Bima Barat
2023-09-27,2.17,Bima Tengah
2023-09-28,40.14,Bima Timur
2023-09-29,15.54,Bima Barat
2023-09-30,16.19,Bima Tengah
2023-10-01,17.21,Bima Barat
2023-10-02,23.06,Bima Tengah
2023-10-03,23.56,Bima Barat
2023-10-04,13.44,Bima Tengah
2023-10-05,15.42,Bima Barat
2023-10-06,10.03,Bima Timur
2023-10-07,9.1,Bima Barat
2023-10-08,9.06,Bima Tengah
2023-10-09,15.28,Bima Barat
2023-10-10,7.56,Bima Timur
2023-10-11,0.26,Bima Barat
2023-10-12,12.28,Bima Tengah
2023-10-13,5.25,Bima Tengah
2023-10-14,18.12,Bima Timur
2023-10-15,10.0,Bima Tengah
2023-10-16,23.27,Bima Barat
2023-10-17,5.76,Bima Barat
2023-10-18,2.74,Bima Barat
2023-10-19,15.45,Bima Tengah
2023-10-20,11.85,Bima Barat
2023-10-21,4.79,Bima Barat
2023-10-22,28.83,Bima Barat
2023-10-23,6.79,Bima Timur
2023-10-24,8.72,Bima Tengah
2023-10-25,32.69,Bima Tengah
2023-10-26,24.25,Bima Tengah
2023-10-27,6.09,Bima Timur
2023-10-28,12.75,Bima Tengah
2023-10-29,5.5,Bima Timur
2023-10-30,31.07,Bima Timur
2023-10-31,31.06,Bima Tengah
2023-11-01,53.2,Bima Barat
2023-11-02,66.88,Bima Barat
2023-11-03,9.9,Bima Tengah
2023-11-04,27.66,Bima Tengah
2023-11-05,2.26,Bima Timur
2023-11-06,19.17,Bima Tengah
2023-11-07,22.78,Bima Timur
2023-11-08,7.15,Bima Tengah
2023-11-09,9.37,Bima Barat
2023-11-10,31.2,Bima Barat
2023-11-11,23.2,Bima Tengah
2023-11-12,48.79,Bima Timur
2023-11-13,45.08,Bima Barat
2023-11-14,3.12,Bima Timur
2023-11-15,10.77,Bima Tengah
2023-11-16,6.45,Bima Tengah
2023-11-17,28.48,Bima Barat
2023-11-18,20.6,Bima Tengah
2023-11-19,6.89,Bima Barat
2023-11-20,7.95,Bima Timur
2023-11-21,38.56,Bima Barat
2023-11-22,11.83,Bima Barat
2023-11-23,1.81,Bima Timur
2023-11-24,6.31,Bima Barat
2023-11-25,55.52,Bima Barat
2023-11-26,33.35,Bima Tengah
2023-11-27,5.15,Bima Timur
2023-11-28,19.17,Bima Barat
2023-11-29,31.94,Bima Timur
2023-11-30,3.07,Bima Timur
2023-12-01,34.41,Bima Barat
2023-12-02,23.04,Bima Tengah
2023-12-03,8.88,Bima Timur
2023-12-04,25.73,Bima Barat
2023-12-05,20.82,Bima Timur
2023-12-06,21.88,Bima Tengah
2023-12-07,18.65,Bima Tengah
2023-12-08,7.68,Bima Tengah
2023-12-09,9.06,Bima Barat
2023-12-10,13.78,Bima Barat
2023-12-11,17.27,Bima Tengah
2023-12-12,26.82,Bima Barat
2023-12-13,56.39,Bima Tengah
2023-12-14,19.84,Bima Barat
2023-12-15,26.48,Bima Tengah
2023-12-16,30.83,Bima Timur
2023-12-17,27.82,Bima Tengah
2023-12-18,7.42,Bima Tengah
2023-12-19,41.0,Bima Barat
2023-12-20,36.8,Bima Barat
2023-12-21,18.46,Bima Barat
2023-12-22,7.83,Bima Barat
2023-12-23,17.06,Bima Barat
2023-12-24,3.54,Bima Barat
2023-12-25,44.58,Bima Timur
2023-12-26,9.81,Bima Tengah
2023-12-27,13.22,Bima Tengah
2023-12-28,42.51,Bima Tengah
2023-12-29,39.19,Bima Timur
2023-12-30,21.42,Bima Tengah
2023-12-31,49.03,Bima Timur
